revisionId,policyholderName
007f318f-01c7-4a2e-9e56-031a40c64b9e,Chelsea Watson
03284611-286b-4190-adbc-153e5e9386db,Catherine Hill
036e943b-f55a-4b0f-9b90-8079d3ebe477,Patricia Meyer
0493e44e-f050-44af-b7ea-3c89494c9045,Catherine Hill
0c05e859-ef44-4b83-b27f-3ad19e112972,Megan Rios
1ac5e0fa-1fb9-4f8b-a55d-e4f54bc530dd,Jonathan Adams
1c0d30b7-5a0c-4bc8-a369-a86ba51c62e5,Phillip Cox
31bb1b20-9c7e-427c-91b5-69b49f7ee0a2,Catherine Hill
362b4cee-d3f6-479a-b129-25f1f6a7ef68,Clinton Jamal
37e9c084-51a9-43f6-a116-4f6b7acb478c,Robert Nelson
3ac49fb8-3636-442e-92c1-cfe7e6b9b751,Cynthia Hall
3c142050-2f2a-4d5b-a0f6-7520b8dd4b4d,Kenneth Lindsey
48570ae2-2f7e-4bae-8dd0-7a62821acb92,Austin Rodriguez
5670aa5a-ced2-4c11-9ccf-5b5a8e745d50,Phillip Cox
59cfd92e-a788-4fd0-b0de-933c3b5d12b0,Robert Nelson
5e4a5378-3ef1-4652-b8ae-896ab9f69960,Haley Burton
61d6d04c-a70e-4d14-8576-87e4f3117c02,Austin Rodriguez
659f0e19-cfc1-436e-9081-8dee673b6fb7,Jeffrey Dawson
691ba208-718e-4767-88ce-11afdec86080,Crystal Webb
696b87c8-833a-4319-a777-8e9912b62df0,Karen Jordan
6ad25244-eb1e-42c3-a37a-1e7055258905,Nicole Young
6b9b9fdf-a1f7-4d53-8eaa-e0f7f8e78323,Daniel Duke
6cc9f364-614d-4da0-9487-a5f18e7c3b99,Jeffrey Dawson
6f5e69b7-01a1-40f0-afc4-264bddb763e9,Ashley Farley
7556de38-af2b-4d04-9358-45a097104fa8,Lori Andrews
77e1bdfc-dbf2-43d0-bdb7-f43130a4f936,Clinton Jamal
8e408fea-8704-4411-8292-d8716cb06dbd,Marie Pierre Levesque
8f97e09c-5d3a-48fa-b912-427f17bb9c31,Brittney Jackson
93ac8464-1e4d-4645-bbb9-d2e4c85e4b65,David Davis
98253aa0-ebc7-4e41-b964-669af181c93b,Patricia Meyer
a48eab3f-2aec-4b2c-9d47-ee72186ce372,Bryan Mendez II
a48f33d8-02d8-40c6-9d8a-371190471040,Karen Jordan
a5f43dbe-fb91-4dc7-bf09-4e0db91029d1,Phillip Cox
aa7f3aa7-79f4-4cbd-958b-f77c86831416,Scott Henderson
ae3c3b12-d382-47d7-8455-5b1a06a90ecc,Karen Jordan
b1cab5aa-3837-4557-a590-6afa24228028,Karen Jordan
b3743376-3f13-4f8d-9904-a1997f91574b,Robert Nelson
bb94c615-be42-496d-b7ad-9fac6d6104be,Karen Jordan
c064f60d-bcb6-4f2b-b69c-78b735027089,Marie Pierre Levesque
cf20beba-ef53-4247-94ec-9da3427198f8,Kevin Vaughn
cf24015a-e251-4802-a02d-53a20a8f8d3c,Phillip Cox
d2f40cad-701b-429c-ba23-08023adcdcd0,Victor Glass
dacd309b-8714-4a3b-82de-78bb5cddf808,Robert Nelson
dec79488-861d-4ddb-b2d4-8dd39d5890a8,Patrick Nelson
e75f7534-350a-4cd0-ac66-a1dcc397da2f,Catherine Hill
e9428592-c7e6-4da1-aaea-df17302cdda9,Karen Jordan
eea0972e-9015-4f3d-ad35-a0583bf552f8,Megan Rios
fd745ccd-e73e-42f6-8d70-fcb2fdd05acf,Ashley Farley
fdc15674-8f0e-4508-8c19-33fa1c902f34,Clinton Jamal
